IP,Date,Time,Accepted cookies,Device type,Browser language,Browser name,OS Name,Country,Region,RegionName,City,Zipcode,Lat,Lon
49.36.83.154,2024-03-26,12:32:09 UTC,["necessary"],desktop,en,Chrome,Windows,India,GJ,Gujarat,Surat,395007,21.1888,72.8293
49.36.83.154,2024-03-27,13:00:29 UTC,["necessary"],desktop,de,Safari,OS X,India,GJ,Gujarat,Surat,395007,21.1888,72.8293
49.36.83.154,2024-03-28,09:16:27 UTC,["necessary"],desktop,en,Chrome,Windows,India,GJ,Gujarat,Surat,395007,21.1888,72.8293
49.36.83.154,2024-03-28,12:00:13 UTC,["necessary"],desktop,en,Chrome,Windows,India,GJ,Gujarat,Surat,395007,21.1888,72.8293
49.36.83.154,2024-03-29,12:10:38 UTC,["necessary"],desktop,en,Chrome,Windows,India,GJ,Gujarat,Surat,395007,21.1888,72.8293
49.36.83.154,2024-03-29,12:41:21 UTC,["necessary"],desktop,en,Chrome,Windows,India,GJ,Gujarat,Surat,395007,21.1888,72.8293
49.36.83.154,2024-04-01,05:04:59 UTC,["necessary"],desktop,en,Chrome,Windows,India,GJ,Gujarat,Surat,395007,21.1888,72.8293
49.36.83.154,2024-04-02,05:08:07 UTC,["necessary"],desktop,en,Chrome,Windows,India,GJ,Gujarat,Surat,395007,21.1888,72.8293
49.36.83.154,2024-04-02,10:35:15 UTC,["necessary"],desktop,en,Chrome,Windows,India,GJ,Gujarat,Surat,395007,21.1888,72.8293
49.36.83.154,2024-04-02,11:42:04 UTC,["necessary"],desktop,en,Chrome,Windows,India,GJ,Gujarat,Surat,395007,21.1888,72.8293
49.36.83.154,2024-04-03,06:20:02 UTC,["necessary"],desktop,en,Chrome,Windows,India,GJ,Gujarat,Surat,395007,21.1888,72.8293
49.36.83.154,2024-04-03,08:14:19 UTC,["necessary"],desktop,en,Chrome,Windows,India,GJ,Gujarat,Surat,395007,21.1888,72.8293
49.36.83.154,2024-04-03,14:18:04 UTC,["necessary"],mobile,de,Safari,iOS,India,GJ,Gujarat,Surat,395007,21.1888,72.8293
49.36.83.154,2024-04-03,14:36:35 UTC,["necessary"],mobile,de,Safari,iOS,India,GJ,Gujarat,Surat,395007,21.1888,72.8293
49.36.83.154,2024-04-04,04:51:50 UTC,["necessary"],desktop,en,Chrome,Windows,India,GJ,Gujarat,Surat,395007,21.1888,72.8293
49.36.83.154,2024-04-04,07:22:31 UTC,["necessary"],desktop,en,Chrome,Windows,India,GJ,Gujarat,Surat,395007,21.1888,72.8293
49.36.83.154,2024-04-04,13:41:26 UTC,["necessary"],desktop,de,Safari,OS X,India,GJ,Gujarat,Surat,395007,21.1888,72.8293
49.36.83.154,2024-04-04,23:41:49 UTC,["necessary"],mobile,de,Safari,iOS,India,GJ,Gujarat,Surat,395007,21.1888,72.8293
49.36.83.154,2024-04-05,10:11:38 UTC,["necessary"],desktop,en,Chrome,Windows,India,GJ,Gujarat,Surat,395007,21.1888,72.8293
49.36.83.154,2024-04-05,12:50:26 UTC,["necessary"],desktop,en,Chrome,Windows,India,GJ,Gujarat,Surat,395007,21.1888,72.8293
49.36.83.154,2024-04-07,20:57:34 UTC,["necessary"],mobile,de,Safari,iOS,India,GJ,Gujarat,Surat,395007,21.1888,72.8293
49.36.83.154,2024-04-08,06:27:58 UTC,["necessary"],desktop,en,Chrome,Windows,India,GJ,Gujarat,Surat,395007,21.1888,72.8293
49.36.83.154,2024-04-08,15:34:12 UTC,["necessary"],desktop,de,Chrome,Windows,India,GJ,Gujarat,Surat,395007,21.1888,72.8293
49.36.83.154,2024-04-09,08:19:19 UTC,["necessary"],mobile,de,Safari,iOS,India,GJ,Gujarat,Surat,395007,21.1888,72.8293
49.36.83.154,2024-04-09,09:47:47 UTC,["necessary"],mobile,de,Safari,iOS,India,GJ,Gujarat,Surat,395007,21.1888,72.8293
49.36.83.154,2024-04-09,10:00:03 UTC,["necessary"],desktop,en,Chrome,Windows,India,GJ,Gujarat,Surat,395007,21.1888,72.8293
49.36.83.154,2024-04-09,12:18:18 UTC,["necessary"],mobile,de,Safari,iOS,India,GJ,Gujarat,Surat,395007,21.1888,72.8293
49.36.83.154,2024-04-09,12:48:52 UTC,["necessary"],mobile,de,Safari,iOS,India,GJ,Gujarat,Surat,395007,21.1888,72.8293
49.36.83.154,2024-04-09,12:58:46 UTC,["necessary"],desktop,en,Chrome,Windows,India,GJ,Gujarat,Surat,395007,21.1888,72.8293
49.36.83.154,2024-04-10,04:39:34 UTC,["necessary"],desktop,en,Chrome,Windows,India,GJ,Gujarat,Surat,395007,21.1888,72.8293
49.36.83.154,2024-04-10,07:41:40 UTC,["necessary"],desktop,en,Chrome,Windows,India,GJ,Gujarat,Surat,395007,21.1888,72.8293
49.36.83.154,2024-04-10,09:39:07 UTC,["necessary"],desktop,en,Chrome,Windows,India,GJ,Gujarat,Surat,395007,21.1888,72.8293
49.36.83.154,2024-04-12,09:19:03 UTC,["necessary"],desktop,de,Chrome,Windows,India,GJ,Gujarat,Surat,395007,21.1888,72.8293
49.36.83.154,2024-04-15,05:12:53 UTC,["necessary"],desktop,en,Chrome,Windows,India,GJ,Gujarat,Surat,395007,21.1888,72.8293
49.36.83.154,2024-04-23,07:54:30 UTC,["necessary"],desktop,en,Chrome,Windows,India,GJ,Gujarat,Surat,395007,21.1888,72.8293
49.36.83.154,2024-04-24,11:32:51 UTC,["necessary"],desktop,en,Chrome,Windows,India,GJ,Gujarat,Surat,395007,21.1888,72.8293
49.36.83.154,2024-04-25,04:44:33 UTC,["necessary"],desktop,en,Chrome,Windows,India,GJ,Gujarat,Surat,395007,21.1888,72.8293
49.36.83.154,2024-04-25,05:24:25 UTC,["necessary"],desktop,en,Chrome,Windows,India,GJ,Gujarat,Surat,395007,21.1888,72.8293
49.36.83.154,2024-04-25,05:48:48 UTC,["necessary"],desktop,en,Chrome,Windows,India,GJ,Gujarat,Surat,395007,21.1888,72.8293
49.36.83.154,2024-04-25,12:18:47 UTC,["necessary"],desktop,en,Chrome,Windows,India,GJ,Gujarat,Surat,395007,21.1888,72.8293
49.36.83.154,2024-04-26,13:09:15 UTC,["necessary"],desktop,en,Chrome,Windows,India,GJ,Gujarat,Surat,395007,21.1888,72.8293
49.36.83.154,2024-04-26,23:35:50 UTC,["necessary"],mobile,de,Safari,iOS,India,GJ,Gujarat,Surat,395007,21.1888,72.8293
49.36.83.154,2024-04-29,12:58:33 UTC,["necessary"],desktop,en,Chrome,Windows,India,GJ,Gujarat,Surat,395007,21.1888,72.8293
49.36.83.154,2024-05-01,09:25:41 UTC,["necessary"],desktop,en,Chrome,Windows,India,GJ,Gujarat,Surat,395007,21.1888,72.8293
49.36.83.154,2024-05-02,12:04:45 UTC,["necessary"],desktop,en,Chrome,Windows,India,GJ,Gujarat,Surat,395007,21.1888,72.8293
49.36.83.154,2024-05-03,07:16:39 UTC,["necessary"],desktop,en,Chrome,Windows,India,GJ,Gujarat,Surat,395007,21.1888,72.8293
49.36.83.154,2024-05-06,09:46:53 UTC,["necessary"],desktop,en,Chrome,Windows,India,GJ,Gujarat,Surat,395007,21.1888,72.8293
49.36.83.154,2024-05-06,10:02:06 UTC,["necessary"],desktop,en,Chrome,Windows,India,GJ,Gujarat,Surat,395007,21.1888,72.8293
49.36.83.154,2024-05-07,07:15:59 UTC,["necessary"],desktop,en,Chrome,Windows,India,GJ,Gujarat,Surat,395007,21.1888,72.8293
49.36.83.154,2024-05-07,16:46:33 UTC,["necessary"],mobile,de,Safari,iOS,India,GJ,Gujarat,Surat,395007,21.1888,72.8293
49.36.83.154,2024-05-07,16:47:11 UTC,["necessary"],mobile,de,Safari,iOS,India,GJ,Gujarat,Surat,395007,21.1888,72.8293
49.36.83.154,2024-05-09,13:43:27 UTC,["necessary"],desktop,en,Chrome,Windows,India,GJ,Gujarat,Surat,395007,21.1888,72.8293
49.36.83.154,2024-05-10,05:18:43 UTC,["necessary"],desktop,en,Chrome,Windows,India,GJ,Gujarat,Surat,395007,21.1888,72.8293
49.36.83.154,2024-05-10,16:38:45 UTC,["necessary"],mobile,en,Chrome,iOS,India,GJ,Gujarat,Surat,395007,21.1888,72.8293
49.36.83.154,2024-05-11,00:08:49 UTC,["necessary"],desktop,de,Safari,OS X,India,GJ,Gujarat,Surat,395007,21.1888,72.8293
49.36.83.154,2024-05-11,09:47:12 UTC,["necessary"],desktop,de,Safari,OS X,India,GJ,Gujarat,Surat,395007,21.1888,72.8293
49.36.83.154,2024-05-11,16:19:30 UTC,["necessary"],mobile,de,Safari,iOS,India,GJ,Gujarat,Surat,395007,21.1888,72.8293
49.36.83.154,2024-05-12,21:35:10 UTC,["necessary"],desktop,de,Safari,OS X,India,GJ,Gujarat,Surat,395007,21.1888,72.8293
49.36.83.154,2024-05-14,04:38:49 UTC,["necessary"],desktop,en,Chrome,Windows,India,GJ,Gujarat,Surat,395007,21.1888,72.8293
49.36.83.154,2024-05-14,06:46:04 UTC,["necessary"],desktop,en,Chrome,Windows,India,GJ,Gujarat,Surat,395007,21.1888,72.8293
49.36.83.154,2024-05-14,13:49:33 UTC,["necessary"],desktop,en,Chrome,Windows,India,GJ,Gujarat,Surat,395007,21.1888,72.8293
49.36.83.154,2024-05-15,07:35:59 UTC,["necessary"],desktop,en,Chrome,Windows,India,GJ,Gujarat,Surat,395007,21.1888,72.8293
49.36.83.154,2024-05-15,09:18:40 UTC,["necessary"],desktop,en,Chrome,Windows,India,GJ,Gujarat,Surat,395007,21.1888,72.8293
49.36.83.154,2024-05-15,09:35:52 UTC,["necessary"],desktop,en,Chrome,Windows,India,GJ,Gujarat,Surat,395007,21.1888,72.8293
49.36.83.154,2024-05-16,09:55:22 UTC,["necessary"],desktop,en,Chrome,Windows,India,GJ,Gujarat,Surat,395007,21.1888,72.8293
49.36.83.154,2024-05-16,22:55:09 UTC,["necessary"],mobile,de,Safari,iOS,India,GJ,Gujarat,Surat,395007,21.1888,72.8293
49.36.83.154,2024-05-17,09:05:12 UTC,["necessary"],desktop,de,Safari,OS X,India,GJ,Gujarat,Surat,395007,21.1888,72.8293
49.36.83.154,2024-05-17,17:53:13 UTC,["necessary"],desktop,de,Safari,OS X,India,GJ,Gujarat,Surat,395007,21.1888,72.8293
49.36.83.154,2024-05-18,11:57:17 UTC,["necessary"],desktop,de,Safari,OS X,India,GJ,Gujarat,Surat,395007,21.1888,72.8293
49.36.83.154,2024-05-20,06:30:56 UTC,["necessary"],desktop,en,Chrome,Windows,India,GJ,Gujarat,Surat,395007,21.1888,72.8293
49.36.83.154,2024-05-20,14:08:07 UTC,["necessary"],desktop,de,Safari,OS X,India,GJ,Gujarat,Surat,395007,21.1888,72.8293
49.36.83.154,2024-05-21,07:57:46 UTC,["necessary"],desktop,de,Chrome,Windows,India,GJ,Gujarat,Surat,395007,21.1888,72.8293
49.36.83.154,2024-05-21,11:07:01 UTC,["necessary"],desktop,en,Chrome,Windows,India,GJ,Gujarat,Surat,395007,21.1888,72.8293
49.36.83.154,2024-05-21,18:28:30 UTC,["necessary"],desktop,de,Safari,OS X,India,GJ,Gujarat,Surat,395007,21.1888,72.8293
49.36.83.154,2024-05-21,18:48:33 UTC,["necessary"],desktop,de,Safari,OS X,India,GJ,Gujarat,Surat,395007,21.1888,72.8293
49.36.83.154,2024-05-22,08:53:08 UTC,["necessary"],desktop,en,Chrome,Windows,India,GJ,Gujarat,Surat,395007,21.1888,72.8293
49.36.83.154,2024-05-22,12:07:50 UTC,["necessary"],desktop,en,Chrome,Windows,India,GJ,Gujarat,Surat,395007,21.1888,72.8293
49.36.83.154,2024-05-22,13:03:16 UTC,["necessary"],desktop,en,Chrome,Windows,India,GJ,Gujarat,Surat,395007,21.1888,72.8293
49.36.83.154,2024-05-23,04:57:29 UTC,["necessary"],desktop,en,Chrome,Windows,India,GJ,Gujarat,Surat,395007,21.1888,72.8293
49.36.83.154,2024-05-24,05:13:30 UTC,["necessary"],desktop,en,Chrome,Windows,India,GJ,Gujarat,Surat,395007,21.1888,72.8293
49.36.83.154,2024-05-24,05:15:23 UTC,["necessary"],desktop,en,Chrome,Windows,India,GJ,Gujarat,Surat,395007,21.1888,72.8293
49.36.83.154,2024-05-25,11:09:31 UTC,["necessary"],desktop,en,Edge,Windows,India,GJ,Gujarat,Surat,395007,21.1888,72.8293
49.36.83.154,2024-05-25,14:02:42 UTC,["necessary"],desktop,de,Firefox,Windows,India,GJ,Gujarat,Surat,395007,21.1888,72.8293
49.36.83.154,2024-05-27,07:41:53 UTC,["necessary"],mobile,de,Safari,iOS,India,GJ,Gujarat,Surat,395007,21.1888,72.8293
49.36.83.154,2024-05-27,09:30:48 UTC,["necessary"],desktop,en,Chrome,Windows,India,GJ,Gujarat,Surat,395007,21.1888,72.8293
49.36.83.154,2024-05-27,12:16:53 UTC,["necessary"],desktop,en,Chrome,Windows,India,GJ,Gujarat,Surat,395007,21.1888,72.8293
49.36.83.154,2024-05-27,12:49:06 UTC,["necessary"],desktop,de,Safari,OS X,India,GJ,Gujarat,Surat,395007,21.1888,72.8293
49.36.83.154,2024-05-28,04:48:43 UTC,["necessary"],desktop,en,Chrome,Windows,India,GJ,Gujarat,Surat,395007,21.1888,72.8293
49.36.83.154,2024-05-28,09:11:53 UTC,["necessary"],desktop,en,Chrome,Windows,India,GJ,Gujarat,Surat,395007,21.1888,72.8293
49.36.83.154,2024-05-28,19:54:51 UTC,["necessary"],mobile,de,Safari,iOS,India,GJ,Gujarat,Surat,395007,21.1888,72.8293
49.36.83.154,2024-05-29,15:03:14 UTC,["necessary"],mobile,de,Safari,iOS,India,GJ,Gujarat,Surat,395007,21.1888,72.8293
49.36.83.154,2024-05-30,12:01:53 UTC,["necessary"],desktop,en,Chrome,Windows,India,GJ,Gujarat,Surat,395007,21.1888,72.8293
49.36.83.154,2024-06-03,12:34:50 UTC,["necessary"],desktop,en,Chrome,Windows,India,GJ,Gujarat,Surat,395007,21.1888,72.8293
49.36.83.154,2024-06-03,12:42:18 UTC,["necessary"],desktop,en,Chrome,Windows,India,GJ,Gujarat,Surat,395007,21.1888,72.8293
49.36.83.154,2024-06-03,23:03:43 UTC,["necessary"],mobile,de,Safari,iOS,India,GJ,Gujarat,Surat,395007,21.1888,72.8293
49.36.83.154,2024-06-04,08:14:04 UTC,["necessary"],desktop,de,Safari,OS X,India,GJ,Gujarat,Surat,395007,21.1888,72.8293
49.36.83.154,2024-06-05,06:48:14 UTC,["necessary"],desktop,en,Chrome,Windows,India,GJ,Gujarat,Surat,395007,21.1888,72.8293
49.36.83.154,2024-06-06,04:57:28 UTC,["necessary"],desktop,en,Chrome,Windows,India,GJ,Gujarat,Surat,395007,21.1888,72.8293
49.36.83.154,2024-06-07,06:26:59 UTC,["necessary"],desktop,en,Chrome,Windows,India,GJ,Gujarat,Surat,395007,21.1888,72.8293
49.36.83.154,2024-06-07,07:00:24 UTC,["necessary"],desktop,en,Chrome,Windows,India,GJ,Gujarat,Surat,395007,21.1888,72.8293
49.36.83.154,2024-06-07,10:33:36 UTC,["necessary"],desktop,en,Chrome,Windows,India,GJ,Gujarat,Surat,395007,21.1888,72.8293
49.36.83.154,2024-06-10,04:54:15 UTC,["necessary"],desktop,en,Chrome,Windows,India,GJ,Gujarat,Surat,395007,21.1888,72.8293
49.36.83.154,2024-06-11,00:06:02 UTC,["necessary"],mobile,de,Safari,iOS,India,GJ,Gujarat,Surat,395007,21.1888,72.8293
49.36.83.154,2024-06-11,05:03:53 UTC,["necessary"],desktop,en,Chrome,Windows,India,GJ,Gujarat,Surat,395007,21.1888,72.8293
49.36.83.154,2024-06-11,13:53:50 UTC,["necessary"],desktop,en,Chrome,Linux,India,GJ,Gujarat,Surat,395007,21.1888,72.8293
49.36.83.154,2024-06-13,06:00:46 UTC,["necessary"],desktop,en,Chrome,Windows,India,GJ,Gujarat,Surat,395007,21.1888,72.8293
49.36.83.154,2024-06-13,06:38:12 UTC,["necessary"],desktop,en,Chrome,Windows,India,GJ,Gujarat,Surat,395007,21.1888,72.8293
49.36.83.154,2024-06-13,07:19:27 UTC,["necessary"],mobile,de,Safari,iOS,India,GJ,Gujarat,Surat,395007,21.1888,72.8293
49.36.83.154,2024-06-13,11:32:47 UTC,["necessary"],desktop,en,Chrome,Windows,India,GJ,Gujarat,Surat,395007,21.1888,72.8293
49.36.83.154,2024-06-14,07:00:04 UTC,["necessary"],desktop,en,Chrome,Windows,India,GJ,Gujarat,Surat,395007,21.1888,72.8293
49.36.83.154,2024-06-14,07:18:01 UTC,["necessary"],desktop,en,Chrome,Windows,India,GJ,Gujarat,Surat,395007,21.1888,72.8293
49.36.83.154,2024-06-14,13:20:40 UTC,["necessary"],desktop,en,Chrome,Windows,India,GJ,Gujarat,Surat,395007,21.1888,72.8293
49.36.83.154,2024-06-15,01:14:16 UTC,["necessary"],mobile,de,Safari,iOS,India,GJ,Gujarat,Surat,395007,21.1888,72.8293
49.36.83.154,2024-06-18,22:29:53 UTC,["necessary"],desktop,de,Safari,OS X,India,GJ,Gujarat,Surat,395007,21.1888,72.8293
49.36.83.154,2024-06-19,04:37:29 UTC,["necessary"],desktop,en,Chrome,Windows,India,GJ,Gujarat,Surat,395007,21.1888,72.8293
49.36.83.154,2024-06-20,12:47:42 UTC,["necessary"],desktop,en,Chrome,Windows,India,GJ,Gujarat,Surat,395007,21.1888,72.8293
49.36.83.154,2024-06-20,13:31:41 UTC,["necessary"],desktop,en,Chrome,Windows,India,GJ,Gujarat,Surat,395007,21.1888,72.8293
49.36.83.154,2024-06-20,15:40:08 UTC,["necessary"],mobile,de,Safari,iOS,India,GJ,Gujarat,Surat,395007,21.1888,72.8293
49.36.83.154,2024-06-20,22:14:06 UTC,["necessary"],desktop,de,Safari,OS X,India,GJ,Gujarat,Surat,395007,21.1888,72.8293
49.36.83.154,2024-06-20,22:15:58 UTC,["necessary"],desktop,de,Safari,OS X,India,GJ,Gujarat,Surat,395007,21.1888,72.8293
49.36.83.154,2024-06-21,04:47:43 UTC,["necessary"],desktop,en,Chrome,Windows,India,GJ,Gujarat,Surat,395007,21.1888,72.8293
49.36.83.154,2024-06-21,08:17:55 UTC,["necessary"],mobile,de,Safari,iOS,India,GJ,Gujarat,Surat,395007,21.1888,72.8293
49.36.83.154,2024-06-22,09:09:42 UTC,["necessary"],mobile,de,Safari,iOS,India,GJ,Gujarat,Surat,395007,21.1888,72.8293
49.36.83.154,2024-06-22,13:36:50 UTC,["necessary"],desktop,de,Safari,OS X,India,GJ,Gujarat,Surat,395007,21.1888,72.8293
49.36.83.154,2024-06-24,04:45:13 UTC,["necessary"],desktop,en,Chrome,Windows,India,GJ,Gujarat,Surat,395007,21.1888,72.8293
49.36.83.154,2024-06-24,17:55:35 UTC,["necessary"],desktop,de,Safari,OS X,India,GJ,Gujarat,Surat,395007,21.1888,72.8293
49.36.83.154,2024-06-28,06:26:05 UTC,["necessary"],desktop,en,Chrome,Windows,India,GJ,Gujarat,Surat,395007,21.1888,72.8293
49.36.83.154,2024-06-28,11:10:57 UTC,["necessary"],desktop,de,Safari,OS X,India,GJ,Gujarat,Surat,395007,21.1888,72.8293
49.36.83.154,2024-06-28,12:00:38 UTC,["necessary"],desktop,en,Chrome,Windows,India,GJ,Gujarat,Surat,395007,21.1888,72.8293
49.36.83.154,2024-07-01,06:01:36 UTC,["necessary"],desktop,en,Chrome,Windows,India,GJ,Gujarat,Surat,395007,21.1888,72.8293
49.36.83.154,2024-07-01,09:39:38 UTC,["necessary"],desktop,en,Chrome,Windows,India,GJ,Gujarat,Surat,395007,21.1888,72.8293
49.36.83.154,2024-07-01,09:42:16 UTC,["necessary"],mobile,de,Safari,iOS,India,GJ,Gujarat,Surat,395007,21.1888,72.8293
49.36.83.154,2024-07-02,14:09:37 UTC,["necessary"],desktop,de,Chrome,OS X,India,GJ,Gujarat,Surat,395007,21.1888,72.8293
49.36.83.154,2024-07-03,22:52:54 UTC,["necessary"],mobile,de,Safari,iOS,India,GJ,Gujarat,Surat,395007,21.1888,72.8293
49.36.83.154,2024-07-05,16:30:06 UTC,["necessary"],desktop,de,Safari,OS X,India,GJ,Gujarat,Surat,395007,21.1888,72.8293
49.36.83.154,2024-07-08,14:45:24 UTC,["necessary"],desktop,de,Safari,OS X,India,GJ,Gujarat,Surat,395007,21.1888,72.8293
49.36.83.154,2024-07-10,11:40:23 UTC,["necessary"],mobile,de,Safari,iOS,India,GJ,Gujarat,Surat,395007,21.1888,72.8293
49.36.83.154,2024-07-10,19:56:45 UTC,["necessary"],mobile,de,Safari,iOS,India,GJ,Gujarat,Surat,395007,21.1888,72.8293
49.36.83.154,2024-07-11,14:35:11 UTC,["necessary"],mobile,de,Safari,iOS,India,GJ,Gujarat,Surat,395007,21.1888,72.8293
49.36.83.154,2024-07-11,23:38:29 UTC,["necessary"],desktop,de,Safari,OS X,India,GJ,Gujarat,Surat,395007,21.1888,72.8293
49.36.83.154,2024-07-15,10:17:27 UTC,["necessary"],desktop,de,Safari,OS X,India,GJ,Gujarat,Surat,395007,21.1888,72.8293
49.36.83.154,2024-07-15,12:45:10 UTC,["necessary"],desktop,en,Chrome,Windows,India,GJ,Gujarat,Surat,395007,21.1888,72.8293
49.36.83.154,2024-07-16,05:55:37 UTC,["necessary"],desktop,en,Chrome,Windows,India,GJ,Gujarat,Surat,395007,21.1888,72.8293
49.36.83.154,2024-07-18,06:46:06 UTC,["necessary"],desktop,de,Safari,OS X,India,GJ,Gujarat,Surat,395007,21.1888,72.8293
49.36.83.154,2024-07-18,09:52:25 UTC,["necessary"],desktop,en,Chrome,Windows,India,GJ,Gujarat,Surat,395007,21.1888,72.8293
49.36.83.154,2024-07-18,11:04:55 UTC,["necessary"],desktop,de,Safari,OS X,India,GJ,Gujarat,Surat,395007,21.1888,72.8293
49.36.83.154,2024-07-18,16:57:13 UTC,["necessary"],desktop,de,Safari,OS X,India,GJ,Gujarat,Surat,395007,21.1888,72.8293
49.36.83.154,2024-07-19,04:50:56 UTC,["necessary"],desktop,en,Chrome,Windows,India,GJ,Gujarat,Surat,395007,21.1888,72.8293
49.36.83.154,2024-07-22,07:57:27 UTC,["necessary"],desktop,en,Chrome,Windows,India,GJ,Gujarat,Surat,395007,21.1888,72.8293
49.36.83.154,2024-07-22,12:15:08 UTC,["necessary"],desktop,en,Chrome,Windows,India,GJ,Gujarat,Surat,395007,21.1888,72.8293
49.36.83.154,2024-07-23,04:22:57 UTC,["necessary"],desktop,en,Chrome,Windows,India,GJ,Gujarat,Surat,395007,21.1888,72.8293
49.36.83.154,2024-07-24,04:27:40 UTC,["necessary"],desktop,en,Chrome,Windows,India,GJ,Gujarat,Surat,395007,21.1888,72.8293
49.36.83.154,2024-07-26,13:30:23 UTC,["necessary"],desktop,en,Edge,Windows,India,GJ,Gujarat,Surat,395007,21.1888,72.8293
49.36.83.154,2024-07-31,11:04:11 UTC,["necessary"],desktop,en,Chrome,Windows,India,GJ,Gujarat,Surat,395007,21.1888,72.8293
49.36.83.154,2024-07-31,11:54:15 UTC,["necessary"],desktop,en,Chrome,Windows,India,GJ,Gujarat,Surat,395007,21.1888,72.8293
49.36.83.154,2024-08-01,04:40:51 UTC,["necessary"],desktop,en,Chrome,Windows,India,GJ,Gujarat,Surat,395007,21.1888,72.8293
49.36.83.154,2024-08-02,07:36:42 UTC,["necessary"],desktop,en,Chrome,Windows,India,GJ,Gujarat,Surat,395007,21.1888,72.8293
49.36.83.154,2024-08-02,14:36:18 UTC,["necessary"],mobile,de,Safari,iOS,India,GJ,Gujarat,Surat,395007,21.1888,72.8293
49.36.83.154,2024-08-05,19:09:14 UTC,["necessary"],desktop,de,Firefox,OS X,India,GJ,Gujarat,Surat,395007,21.1888,72.8293
49.36.83.154,2024-08-06,04:24:17 UTC,["necessary"],desktop,en,Chrome,Windows,India,GJ,Gujarat,Surat,395007,21.1888,72.8293
49.36.83.154,2024-08-06,10:23:56 UTC,["necessary"],desktop,de,Chrome,Windows,India,GJ,Gujarat,Surat,395007,21.1888,72.8293
49.36.83.154,2024-08-12,08:40:23 UTC,["necessary"],desktop,de,Edge,Windows,India,GJ,Gujarat,Surat,395007,21.1888,72.8293
49.36.83.154,2024-08-19,07:03:49 UTC,["necessary"],mobile,de,Safari,iOS,India,GJ,Gujarat,Ahmedabad,380007,23.0276,72.5871
49.36.83.154,2024-08-22,17:06:55 UTC,["necessary"],desktop,en,Chrome,Windows,India,GJ,Gujarat,Ahmedabad,380007,23.0276,72.5871
49.36.83.154,2024-08-22,21:58:35 UTC,["necessary"],desktop,de,Safari,OS X,India,GJ,Gujarat,Ahmedabad,380007,23.0276,72.5871
49.36.83.154,2024-08-25,12:19:18 UTC,["necessary"],desktop,de,Chrome,OS X,India,GJ,Gujarat,Ahmedabad,380007,23.0276,72.5871
49.36.83.154,2024-08-25,14:41:13 UTC,["necessary"],desktop,en,Chrome,Windows,India,GJ,Gujarat,Ahmedabad,380007,23.0276,72.5871
49.36.83.154,2024-08-26,21:18:13 UTC,["necessary"],mobile,de,Safari,iOS,India,GJ,Gujarat,Ahmedabad,380007,23.0276,72.5871
49.36.83.154,2024-08-27,09:34:32 UTC,["necessary"],desktop,de,Chrome,OS X,India,GJ,Gujarat,Ahmedabad,380007,23.0276,72.5871
49.36.83.154,2024-08-28,16:37:47 UTC,["necessary"],mobile,de,Safari,iOS,India,GJ,Gujarat,Ahmedabad,380007,23.0276,72.5871
49.36.83.154,2024-08-29,11:43:31 UTC,["necessary"],desktop,de,Safari,OS X,India,GJ,Gujarat,Ahmedabad,380007,23.0276,72.5871
49.36.83.154,2024-08-29,12:46:30 UTC,["necessary"],mobile,de,Safari,iOS,India,GJ,Gujarat,Ahmedabad,380007,23.0276,72.5871
49.36.83.154,2024-08-29,15:49:16 UTC,["necessary"],mobile,de,Safari,iOS,India,GJ,Gujarat,Ahmedabad,380007,23.0276,72.5871
49.36.83.154,2024-08-30,08:52:37 UTC,["necessary"],mobile,de,Safari,iOS,India,GJ,Gujarat,Ahmedabad,380007,23.0276,72.5871
49.36.83.154,2024-08-30,09:14:56 UTC,["necessary"],mobile,de,Safari,iOS,India,GJ,Gujarat,Ahmedabad,380007,23.0276,72.5871
49.36.83.154,2024-08-31,20:04:14 UTC,["necessary"],desktop,de,Chrome,OS X,India,GJ,Gujarat,Ahmedabad,380007,23.0276,72.5871
49.36.83.154,2024-09-01,11:40:37 UTC,["necessary"],desktop,de,Safari,OS X,India,GJ,Gujarat,Ahmedabad,380007,23.0276,72.5871
49.36.83.154,2024-09-01,21:34:40 UTC,["necessary"],mobile,de,Safari,iOS,India,GJ,Gujarat,Ahmedabad,380007,23.0276,72.5871
